1,xasdf,fgsdf,男,dfvc df,111-111-111,cvbxdgd@fgsef,雑誌・新聞,サービス,fgsdfgbsfgnsvbes
2,cdas,sdfa,男,sdfa,111-111-111,dfgfg@sadfgae,雑誌・新聞,サービス,sgasdfbsgfsdgvadfaw
3,cdas,sdfa,男,sdfa,111-111-111,dfgfg@sadfgae,雑誌・新聞,サービス,sgasdfbsgfsdgvadfaw
4,sdf,sdf,女,sdfas,333-333-333,sdoif@dfgs,雑誌,商品,asdfghjksdfg
5,sdf,sdf,女,sdfas,333-333-333,sdoif@dfgs,雑誌,商品,asdfghjksdfg asdfsddf
6,sdfas,sdfa,男,kyoto,333-333-444,sdfas@asfas,新聞,サービス,sdfasfsad<\!\>sfadfas<\!\><\?\>aSDあｓｄふぁｇ
7,sdfas,sdfa,男,kyoto,333-333-444,sdfas@asfas,新聞,サービス,sdfasfsad<!>sfadfas<!><?>aSDあｓｄふぁｇ
8,sdfas,sdfa,男,kyoto,333-333-444,sdfas@asfas,新聞,サービス,sdfasfsad<1>sfadfas<1><2>aSDあｓｄふぁｇ
9,sdfas,sdfa,男,kyoto,333-333-444,sdfas@asfas,新聞,サービス,sdfasfsad<1>sfadfas<1><2>aSDあｓｄふぁｇ
10,ｓｄｆ,ｓｄふぁｓ,男,ｓｄふぁｓ,222-222-222,ｓｄｆさ@ｓｄふぁ,,商品,あｓｄｆｇｊｈｋｌｓｄｆｇｊｈｋｌｓｆｄｇｄｆｓｈｄｆｇｓ<2>asdfgjhkl;/m<1>.jhgfxdzsa<2>sertdyfuioph@:;kjlhfdgsadsあｗｄｓｆｙｈぐｊひｋｊｌｆｆｆｆｆｆｆｆｆｆｆｆｆｆｆｆｆｆｆｆｆｆｆｆｆｆｆｆｆｆｆｆｆｆｆｆｆｆｆｆｆｆｆｆｆｆｆｆｆｆｆｆｆｆｆｆｆｆｆｆｆｆｆｆｆｆｆｆｆｆｆｆｆｆｆｆｆｆｆｆｆｆｆｆｆｆｆｆｆｆｆｆｆｆｆｆｆｆｆｆｆｆｆｆｆｆｆｆｆｆｆｆｆｆｆｆｆｆｆｆｆｆｆｆｆｆｆｆｆｆｆｆｆｆｆｆｆｆｆｆｆｆｆｆｆｆｆｆｆｆｆｆｆｆｆｆｆｆｆｆｆｆｆｆｆｆｆｆｆｆｆｆｆｆｆｆｆｆｆｆｆｆｆｆｆｆｆｆｆｆｆｆｆｆｆｆｆｆｆｆ<2>ｆｆｆｆｆｆｆｆｆｆｆｆｆｆｆｆｆｆｆｆｆｆｆｆｆｆｆｆｆｆｆｆｆｆｆｆｆｆｆｆｆｆｆｆｆｆｆｆｆｆｆｆｆｆｆｆｆｆｆｆｆｆｆｆｆｆｆｆｆｆｆｆｆｆｆｆｆｆｆｆｆｆｆｆｆｆｆｆｆｆｆｆｆｆｆ<2>ｆｆｆｆｆｆｆｆｆｆｆｆｆｆｆｆｆｆｆｆｆｆｆｆｆｆｆｆｆｆｆｆ
11,ｓふぁｄ,ｓｄふぁｓ,男,ｓｄふぁｓ,333-444-444,sdfas@sdfas,雑誌,サービス,ｓｄｆｇｊｈｍ、ｋｌ；：ｋｊｈｇｆｄｓ<2>だｓｆｇｈｊｋｌ；ｋｊｈｆｇｄｓ<2>SDFghjkl；：」；ｌｋｊｈｇｆｄ<1><2><1><1><1><1><1><1><1><1><1><1><1><1><1><1><1><1><1><1><1><1><1><1><1><1><1><1><1><1><1><1><1><1><1><1><1><1><1><1><1><1><1><1><1><1><1><1>
